"Ref","Theme","Sous-theme","Statut","Difficulte","Question","A","B","C","D","Bonne_reponse","Explication"
"T1-001","1. Affaires & Gentleman's Agreement","Gentleman's agreement","Informel","Intermédiaire","Un « gentleman's agreement » conclu uniquement à l'oral :","ne vaut qu'entre commerçants, le droit civil exigeant un écrit pour tout engagement","est sans force contraignante en principe, mais sa preuve peut fonder une action en justice","s'analyse en un engagement d'honneur que le juge écarte des débats comme dépourvu de pertinence","expose celui qui s'en dédit à une responsabilité pénale pour abus de confiance","B","L'affaire de Pury / Gauguin (Londres, 2018-2019) a accordé 10 M$ de commission sur la seule base d'un accord oral prouvé."
"T1-002","1. Affaires & Gentleman's Agreement","Esprit Rothschild","Informel","Intermédiaire","Quelle devise historique symbolise l'attachement de la maison Rothschild à l'intégrité ?","« Honneur et Patrie, Valeur et Discipline »","« Liberté, Égalité, Fraternité »","« Concordia parvae res crescunt »","« Concordia, Integritas, Industria »","D","Octroyée en 1822 lors de l'anoblissement des cinq frères ; elle a donné son nom à la holding « Concordia »."
"T1-003","1. Affaires & Gentleman's Agreement","Discrétion / secret","Informel","Fondamental","Lors d'un dîner privé chez un associé, vous apprenez une information sensible sur une opération en cours. Vous :","la transmettez à votre seul supérieur hiérarchique","n'en parlez à personne, pas même en interne","y faites une allusion voilée devant l'intéressé","la partagez en interne avec un collègue de confiance","B","« Ce qui se dit au salon reste au salon » : la discrétion absolue interdit toute divulgation, même feutrée."
"T1-004","1. Affaires & Gentleman's Agreement","Discrétion / secret","Informel","Piège","Après un dîner où un haut fonctionnaire a évoqué de futures orientations de régulation, un client vous interroge sur ces rumeurs. Vous :","confirmez la tenue du dîner sans rien en rapporter, en renvoyant aux communiqués officiels","feignez l'ignorance et taisez la tenue même du dîner et l'identité des convives","restituez la teneur des propos sans nommer leur auteur, comme le ferait un analyste","confirmez la substance de la rumeur sans citer ni la source ni le cadre de la confidence","B","La discrétion interdit d'instrumentaliser une rencontre privée à des fins commerciales ou de prestige."
"T1-005","1. Affaires & Gentleman's Agreement","Cooptation / Jockey Club","Formel","Piège","Au Jockey Club de Paris, combien de votes favorables une seule boule noire (vote défavorable) annule-t-elle ?","10","3","5","2","C","Le scrutin exige une majorité des cinq-sixièmes : une boule noire annule cinq boules blanches."
"T1-006","1. Affaires & Gentleman's Agreement","Cooptation","Informel","Intermédiaire","Dans les cercles fermés français, la richesse économique seule :","prime sur les autres capitaux dès lors qu'elle s'accompagne d'un engagement philanthropique","ne suffit jamais : elle doit être légitimée par le capital culturel et social","ouvre les portes des cercles dès que le candidat en acquitte le droit d'entrée","dispense du parrainage lorsque le candidat dirige une maison ancienne et reconnue","B","Selon Pinçon-Charlot, le capital économique doit être légitimé par d'autres capitaux (culturel, social)."
"T1-007","1. Affaires & Gentleman's Agreement","Art d'introduire","Informel","Intermédiaire","Vous souhaitez intégrer un club très sélectif où deux relations sont déjà membres. Vous :","suscitez des échanges informels et laissez vos relations proposer d'elles-mêmes de vous parrainer","leur adressez une note de présentation et un curriculum vitae, en sollicitant leur parrainage","déposez votre candidature au secrétariat du club en les citant comme références sans les en avertir","sollicitez un entretien avec le président du club, en vous recommandant de vos deux relations","A","La cooptation feutrée proscrit la sollicitation directe : l'introduction doit être suggérée par les parrains eux-mêmes."
"T1-008","1. Affaires & Gentleman's Agreement","Art de dire non","Informel","Piège","En affaires à la française, un interlocuteur qui répond « je vais y réfléchir » puis ne revient jamais signifie le plus souvent :","qu'il a besoin de temps et reviendra","qu'il attend une relance insistante","qu'il s'agit d'un refus poli déguisé","qu'il a oublié votre proposition","C","« Je vais y réfléchir » sans suite fonctionne comme un « non » courtois qui préserve la relation."
"T1-009","1. Affaires & Gentleman's Agreement","Art de dire non","Informel","Intermédiaire","Pour notifier un refus à un partenaire lors d'un déjeuner, l'usage français privilégie :","adresser dès le lendemain une lettre motivée, exposant point par point les raisons du refus","saluer l'intérêt de l'idée et différer la décision en proposant d'approfondir d'autres pistes","un refus net et immédiat, appuyé sur l'énumération des failles de la proposition","confier la notification du refus à un collaborateur de confiance, afin de préserver la relation personnelle","B","L'art de dire non enveloppe le refus dans une étude continue, évitant l'affront tout en gardant le dialogue ouvert."
"T1-010","1. Affaires & Gentleman's Agreement","Ponctualité","Formel","Piège","Vous êtes convié à une réunion d'affaires à Paris à 9h00. À quelle heure arrivez-vous ?","9h00, voire un peu avant","8h00, une heure en avance","9h15, quart d'heure de politesse","9h30, l'heure étant indicative","A","Le quart d'heure de politesse ne s'applique pas en contexte professionnel : l'heure annoncée est l'heure réelle."
"T1-011","1. Affaires & Gentleman's Agreement","Ponctualité","Informel","Intermédiaire","Vous êtes invité à dîner à 20h00 au domicile privé de vos hôtes. L'usage veut que vous arriviez :","vers 20h15, pour laisser à l'hôte le temps de finir ses préparatifs","à 19h45, en avance, pour offrir votre aide aux derniers préparatifs","après 21h00, l'usage laissant à l'invité toute latitude d'arrivée","à 20h00 précises, la ponctualité valant en toute circonstance","A","Pour un dîner privé à domicile, on accorde ~15 min à l'hôte ; ce délai ne vaut ni au restaurant ni en contexte pro."
"T1-012","1. Affaires & Gentleman's Agreement","Cadeaux d'affaires / Sapin II","Formel","Piège","La loi Sapin II fixe-t-elle un seuil monétaire légal précis (ex. 150 €) au-delà duquel tout cadeau d'affaires est interdit ?","Oui : 50 € par bénéficiaire et par exercice, tout dépassement devant être porté au registre des cadeaux de la maison","Non : aucun seuil légal ; c'est la disproportion, la fréquence et l'intention qui caractérisent la corruption","Oui : 150 € précisément, montant au-delà duquel le cadeau doit être refusé ou restitué au donateur","Oui, mais pour les seuls agents publics, le secteur privé relevant de ses propres chartes internes","B","L'AFA n'impose pas de seuil ; chaque entreprise fixe le sien, et c'est l'intention corruptrice qui est sanctionnée."
"T1-013","1. Affaires & Gentleman's Agreement","Déjeuner vs dîner","Informel","Intermédiaire","À quel moment est-il le plus approprié d'aborder explicitement une proposition commerciale chiffrée ?","au cocktail, debout","au déjeuner d'affaires","en dehors de tout repas","au dîner mondain","B","Le déjeuner d'affaires a un objectif opérationnel ; le dîner mondain tisse du lien et exclut le registre transactionnel frontal."
"T1-014","1. Affaires & Gentleman's Agreement","Grands corps","Informel","Intermédiaire","L'expression « noblesse d'État », qui décrit l'élite des grands corps et grandes écoles, a été conceptualisée par :","Alexis de Tocqueville","Niall Ferguson","Nadine de Rothschild","Pierre Bourdieu","D","Bourdieu, dans « La Noblesse d'État » (1989), y analyse l'esprit de corps et le pantouflage."
"T1-015","1. Affaires & Gentleman's Agreement","Cercles parisiens","Formel","Intermédiaire","Concernant l'admission des femmes, le Jockey Club de Paris est :","mixte depuis sa fondation (les femmes y sont admises)","ouvert aux femmes depuis l'an 2000","strictement masculin (les femmes en sont exclues)","ouvert aux femmes par cooptation du conjoint","C","Contrairement au Cercle de l'Union interalliée (mixte), le Jockey Club demeure strictement masculin."
"T1-016","1. Affaires & Gentleman's Agreement","Gentleman's agreement","Informel","Intermédiaire","Comment l'Académie française définit-elle le « gentleman's agreement » ?","un accord reçu devant notaire et exécutoire sans qu'il faille saisir un tribunal","une clause de confidentialité liant les parties à l'occasion de pourparlers","un contrat écrit sous seing privé, sans passage devant notaire","une convention verbale où les parties s'engagent sur leur parole d'honneur","D","C'est un engagement moral reposant sur l'honneur des personnes, en principe dépourvu de force contraignante."
"T1-017","1. Affaires & Gentleman's Agreement","Parole donnée","Informel","Intermédiaire","Dans les cercles de cooptation, rompre un engagement pris oralement entraîne :","l'exclusion définitive des cercles et des flux d'affaires","une compensation financière négociée entre les deux maisons","la reprise des pourparlers sur des bases révisées, sans autre suite","aucune conséquence, l'engagement oral relevant du seul for intérieur","A","La valeur de la signature et la réputation étant l'actif principal, se dédire détruit durablement la crédibilité."
"T1-018","1. Affaires & Gentleman's Agreement","Parole donnée","Informel","Piège","Après avoir scellé un accord d'une poignée de main dans un cercle exclusif, exiger aussitôt un protocole écrit signé est perçu comme :","une exigence légale ordinaire","une marque de professionnalisme","un manque de confiance insultant","une précaution avisée et bien vue","C","Réclamer un écrit immédiat trahit une défiance qui insulte l'interlocuteur dans ces milieux."
"T1-019","1. Affaires & Gentleman's Agreement","Cadeaux d'affaires / Sapin II","Formel","Intermédiaire","Le dispositif anticorruption de la loi Sapin II s'impose aux entreprises :","de toutes tailles, dès lors qu'elles exportent hors de l'Union","cotées en Bourse, quel que soit leur effectif ou leur chiffre d'affaires","d'au moins 500 salariés et de plus de 100 M€ de chiffre d'affaires","d'au moins 50 salariés et de plus de 10 M€ de chiffre d'affaires","C","La loi n°2016-1691 vise les grandes entreprises (≥500 salariés et >100 M€ de CA)."
"T1-020","1. Affaires & Gentleman's Agreement","Cadeaux d'affaires","Formel","Fondamental","Offrir un cadeau à un client pendant un appel d'offres en cours est :","toléré s'il est modique","conseillé pour se démarquer","d'usage en certains secteurs","à proscrire absolument","D","Un cadeau en pleine procédure d'attribution est typiquement caractéristique d'une tentative de corruption."
"T1-021","1. Affaires & Gentleman's Agreement","Cadeaux d'affaires","Formel","Intermédiaire","La jurisprudence distingue les « cadeaux d'usage » des « cadeaux de valeur ». Lequel relève des cadeaux d'usage ?","un coffret de chocolats de faible montant","un voyage d'agrément tous frais payés","un bijou de prix offert à titre personnel","une montre d'une grande maison horlogère","A","Les cadeaux d'usage sont de faible montant et non corruptifs ; voyages et bijoux relèvent des cadeaux de valeur."
"T1-022","1. Affaires & Gentleman's Agreement","Cadeaux d'affaires","Formel","Intermédiaire","En 2023, les laboratoires Urgo, pour avoir offert plus de 55 M€ de cadeaux à 8 000 pharmaciens, ont écopé d'une amende d'environ :","1 000 €","55 M€","500 M€","1,1 M€","D","L'amende de 1,125 M€ illustre la sanction des pratiques de cadeaux disproportionnés."
"T1-023","1. Affaires & Gentleman's Agreement","Cooptation / Jockey Club","Formel","Intermédiaire","Pour candidater au Jockey Club de Paris, il faut être présenté par :","le président du club en personne","un seul parrain membre du club","aucun parrain, sur simple candidature","deux parrains membres du club","D","Deux parrains membres présentent le candidat, dont l'acceptabilité sociale est examinée avant tout vote."
"T1-024","1. Affaires & Gentleman's Agreement","Cercles parisiens","Formel","Intermédiaire","À la différence du Jockey Club, le Cercle de l'Union interalliée :","admet les femmes comme membres (cercle mixte)","exclut les femmes de toute qualité de membre actif","n'exige aucun parrainage de ses candidats","est réservé aux diplomates en poste à Paris","A","Le Cercle de l'Union interalliée est mixte, là où le Jockey Club demeure strictement masculin."
"T1-025","1. Affaires & Gentleman's Agreement","Cercles parisiens","Formel","Piège","Au Cercle de l'Union interalliée, l'usage veut que, parmi les deux parrains, l'un soit :","un ancien ministre ou un ambassadeur en poste","membre depuis plus de vingt ans","un membre du comité d'admission","de la même nationalité que le candidat","D","L'un des deux parrains doit être de la même nationalité que le candidat."
"T1-026","1. Affaires & Gentleman's Agreement","Grands corps","Informel","Intermédiaire","Dans le vocabulaire des grands corps, le « pantouflage » désigne :","la solidarité qui unit les anciens d'une même école et d'un même corps","le secret professionnel qui lie les agents publics à l'administration dont ils relèvent","le rite d'admission par lequel un corps accueille ses nouveaux membres","le passage de la haute fonction publique vers la banque et les grandes entreprises","D","Le pantouflage est le départ d'un haut fonctionnaire vers le privé ; l'« esprit de corps » désigne la solidarité entre diplômés."
"T1-027","1. Affaires & Gentleman's Agreement","Grands corps","Informel","Intermédiaire","Lequel de ces réseaux structure traditionnellement l'élite des affaires françaises ?","les Chambres de métiers","les Compagnons du Devoir","l'Inspection des Finances","les Conseils de prud'hommes","C","Inspection des Finances, ENA (devenue INSP) et Polytechnique forment la « noblesse d'État » décrite par Bourdieu."
"T1-028","1. Affaires & Gentleman's Agreement","Esprit Rothschild","Informel","Intermédiaire","Quel historien, premier à accéder aux archives familiales Rothschild, en a tiré une grande biographie ?","Pierre Bourdieu","Jacques Le Goff","Fernand Braudel","Niall Ferguson","D","Niall Ferguson a exploité plus de 20 000 lettres pour « The House of Rothschild »."
"T1-029","1. Affaires & Gentleman's Agreement","Tabou de l'argent","Informel","Intermédiaire","Le tabou français de l'argent s'enracine notamment dans :","la tradition protestante de la réussite affichée, jointe au culte anglo-saxon du mérite individuel","l'héritage catholique, le mépris aristocratique du commerce et l'idéal égalitaire révolutionnaire","une législation récente sur la transparence des rémunérations et des patrimoines","le seul Code civil de 1804 et les règles successorales qu'il a instituées entre héritiers et conjoints","B","Trois racines se conjuguent : religieuse (anti-chrématistique), aristocratique et révolutionnaire."
"T1-030","1. Affaires & Gentleman's Agreement","Tabou de l'argent","Informel","Piège","En France, les déclarations de patrimoine des parlementaires sont :","consultables uniquement en préfecture, sans publication en ligne","publiées en ligne intégralement, sur un registre ouvert à tout citoyen","couvertes par le secret fiscal et inaccessibles aux tiers, hors le juge","adressées à chaque électeur de la circonscription, à chaque renouvellement","A","Sous le régime de la HATVP, elles sont consultables en préfecture ; seules les déclarations d'intérêts sont publiées."
"T1-031","1. Affaires & Gentleman's Agreement","Cooptation / Jockey Club","Informel","Intermédiaire","En quelle année le Jockey Club de Paris a-t-il été fondé ?","1834","1789","1945","1901","A","Le Jockey Club a été fondé en 1834 ; il a son siège au 2 rue Rabelais à Paris."
"T1-032","1. Affaires & Gentleman's Agreement","Cooptation / Jockey Club","Informel","Intermédiaire","L'effectif du Jockey Club de Paris est :","plafonné (autour de 1 150 membres)","illimité (sans plafond statutaire)","plafonné (autour de 300 membres)","plafonné (autour de 10 000 membres)","A","L'effectif est plafonné (environ 1 146 membres), ce qui renforce la rareté et la sélectivité."
"T1-033","1. Affaires & Gentleman's Agreement","Cooptation / Jockey Club","Formel","Piège","Pour être admis au Jockey Club, un candidat doit obtenir au scrutin une majorité :","des trois quarts (environ 75 %)","simple (plus de la moitié)","des deux tiers (environ 67 %)","des cinq-sixièmes (environ 84 %)","D","La majorité requise est des cinq-sixièmes ; une seule boule noire annule cinq boules blanches."
"T1-034","1. Affaires & Gentleman's Agreement","Cadeaux d'affaires / Sapin II","Formel","Intermédiaire","Que désigne le sigle AFA, lié à la loi Sapin II ?","l'Association financière des affaires","l'Agence française anticorruption","l'Autorité des fournisseurs agréés","l'Agence des fraudes et des avoirs","B","L'AFA veille au dispositif anticorruption et qualifie les cadeaux d'« actes ordinaires de la vie des affaires »."
"T1-035","1. Affaires & Gentleman's Agreement","Cadeaux d'affaires / Sapin II","Formel","Fondamental","En quelle année la loi Sapin II a-t-elle été adoptée ?","2016","2010","2021","2004","A","La loi n°2016-1691 date du 9 décembre 2016."
"T1-036","1. Affaires & Gentleman's Agreement","Cercles d'influence","Informel","Intermédiaire","À quoi servent surtout, pour les grands patrons, les cercles comme le Jockey ou l'Automobile Club de France ?","à « faire des affaires l'air de rien », dans un cadre feutré","à disputer entre membres des tournois sportifs réguliers","à donner des conférences de presse dans un cadre choisi et discret","à recruter les jeunes cadres issus des grandes écoles","A","Ces cercles permettent de tisser des relations d'affaires sans jamais les afficher frontalement."
"T1-037","1. Affaires & Gentleman's Agreement","Grands corps","Informel","Intermédiaire","Quelle institution a remplacé l'ENA dans la formation de la haute fonction publique ?","l'INSP (Institut national du service public)","l'ENS (École normale supérieure)","HEC (École des hautes études commerciales)","l'IEP de Paris (Institut d'études politiques)","A","L'ENA est devenue l'INSP ; avec Polytechnique et l'Inspection des Finances, elle structure la « noblesse d'État »."
"T1-038","1. Affaires & Gentleman's Agreement","Grands corps","Informel","Intermédiaire","L'expression « esprit de corps » désigne :","la solidarité et la cooptation entre diplômés d'un même corps","la discipline interne qui règle la vie d'une entreprise","le secret bancaire qui protège les avoirs de la clientèle privée","la rigueur physique exigée des officiers de carrière","A","Bourdieu en fait le sous-titre de « La Noblesse d'État » : solidarité entre pairs issus du même corps."
"T1-039","1. Affaires & Gentleman's Agreement","Esprit Rothschild","Informel","Intermédiaire","« Concordia » est aussi le nom :","d'un cercle parisien fondé au siècle dernier","d'une banque d'affaires concurrente établie à Londres","d'un traité de bonnes manières du XIXe siècle","de la holding familiale de contrôle des Rothschild","D","Tirée de la devise « Concordia, Integritas, Industria », elle nomme la holding de contrôle de la famille."
"T1-040","1. Affaires & Gentleman's Agreement","Discrétion / secret","Informel","Intermédiaire","Le secret « de salon » trouve historiquement sa source dans :","les salons de la Restauration et de la Monarchie de Juillet","les états-majors et les tranchées de la Grande Guerre","les cafés littéraires et les brasseries du tournant du XXe siècle","les forums numériques et les messageries chiffrées","A","C'est là que s'élaboraient alliances politiques et financières à l'écart du public, d'où l'exigence de discrétion."
"T1-041","1. Affaires & Gentleman's Agreement","Art de dire non","Informel","Intermédiaire","L'art diplomatique français de dire non sans froisser puise sa source dans :","le droit commercial anglo-saxon, soucieux avant tout de clarté contractuelle","la philosophie des Lumières, attachée à la libre discussion","la doctrine militaire napoléonienne, fondée sur la subordination","le protocole de l'Ancien Régime, conçu pour éviter les crises d'État","D","Le cérémonial évitait que les heurts individuels ne dégénèrent en conflits entre puissances."
"T1-042","1. Affaires & Gentleman's Agreement","Cooptation","Informel","Intermédiaire","Historiquement, la cooptation servait surtout à :","ouvrir les cercles au plus grand nombre et renouveler leur recrutement à intervalles réguliers","accélérer les recrutements en écartant les procédures de sélection","réduire les cotisations en élargissant les listes de membres","protéger l'aristocratie et la haute bourgeoisie des intrusions opportunistes","D","Le filtrage par parrainage écartait les candidatures jugées intempestives ou opportunistes."
"T1-043","1. Affaires & Gentleman's Agreement","Grands corps","Informel","Piège","Selon Bourdieu, la « noblesse d'État » est l'héritière structurale de :","la noblesse d'épée","la noblesse d'Empire","la noblesse de robe","la noblesse de cloche","C","Bourdieu en fait l'héritière — parfois généalogique — de l'ancienne noblesse de robe."
"T1-044","1. Affaires & Gentleman's Agreement","Sociologie des élites","Informel","Intermédiaire","Quels sociologues ont étudié le « répertoire d'action » et la discrétion de la grande bourgeoisie ?","Michel et Monique Pinçon-Charlot","Raymond Boudon et Michel Crozier","Bruno Latour et Luc Boltanski","Émile Durkheim et Marcel Mauss","A","Les Pinçon-Charlot ont montré que la discrétion est une marque du répertoire d'action de la grande bourgeoisie."
"T1-045","1. Affaires & Gentleman's Agreement","Cercles parisiens","Formel","Intermédiaire","Au Cercle de l'Union interalliée, la sélection passe notamment par :","un entretien formel devant une commission d'admission, suivi d'un vote","le simple paiement d'une cotisation annuelle, sans autre formalité d'entrée","un tirage au sort parmi les candidats présentés par deux parrains","un concours écrit portant sur l'histoire et les usages du cercle","A","Le candidat est reçu par une commission d'admission, puis soumis à un vote."
"T2-001","2. Conversation & Discrétion sociale","Sujets tabous","Informel","Fondamental","Dans un dîner bourgeois français, lequel de ces sujets est le plus gravement tabou ?","le montant de votre prime annuelle","le dernier film que vous avez vu au cinéma","l'exposition que vous venez de voir","vos projets de vacances pour l'été","A","L'argent (salaire, prix, patrimoine) est le tabou central et le plus spécifiquement français."
"T2-002","2. Conversation & Discrétion sociale","Sujets tabous","Informel","Intermédiaire","Un invité demande à votre hôte le prix d'acquisition d'un tableau de maître exposé dans son salon. L'hôte devrait :","éluder l'aspect financier en parlant de l'artiste, de l'école picturale ou de l'émotion esthétique","rappeler avec fermeté que la question est déplacée, puis orienter la conversation ailleurs","indiquer une fourchette de prix approximative, en précisant que le marché a beaucoup varié depuis lors","citer le montant exact de l'acquisition, afin de souligner la cohérence de sa collection","A","L'élégance neutralise l'intrusion matérielle par une digression culturelle, sans valider la question d'argent."
"T2-003","2. Conversation & Discrétion sociale","Sujets valorisants","Informel","Fondamental","Pour démontrer son capital culturel sans paraître vulgaire dans un dîner français, on parle de préférence :","d'un cru de Bourgogne ou d'une exposition récente","de ses convictions politiques et de ses engagements","du rendement de ses placements et de son patrimoine","du prix d'acquisition de sa résidence secondaire","A","Culture, vin, gastronomie, voyages et art valorisent sans heurter le tabou de l'argent."
"T2-004","2. Conversation & Discrétion sociale","Ton & humour","Informel","Intermédiaire","Quel registre humoristique est le plus valorisé dans les cercles raffinés français ?","la plaisanterie potache lancée à la table","le sous-entendu et le second degré","le calembour appuyé et longuement expliqué","l'humour grivois glissé entre deux plats","B","L'esprit, l'understatement et l'ironie fine priment ; l'agressivité et la grossièreté sont proscrites."
"T2-005","2. Conversation & Discrétion sociale","Désaccord / litote","Informel","Piège","Un interlocuteur affirme avec aplomb une opinion historique manifestement fausse. Vous :","quittez ostensiblement la conversation, afin de marquer votre désaccord sans un mot","abondez dans son sens, la courtoisie commandant selon vous d'éviter la contradiction","rétablissez aussitôt les faits, avec précision et références à l'appui, afin que la vérité soit dite","relevez l'argument par une formule légère (« interprétation très originale ») avant de changer de sujet","D","La litote marque le désaccord sans humilier ; préserver le confort de l'autre prime sur le fait d'avoir raison publiquement."
"T2-006","2. Conversation & Discrétion sociale","Tutoiement / vouvoiement","Informel","Fondamental","Dans un cadre professionnel traditionnel, qui doit proposer le passage au tutoiement ?","indifféremment l'un ou l'autre interlocuteur","la personne la plus haut placée ou la plus âgée","la femme, dans les rapports entre hommes et femmes","le plus jeune, ou le dernier arrivé dans la maison","B","L'initiative revient au « supérieur » dans la relation (aîné, supérieur hiérarchique) ; l'inverse est une intrusion."
"T2-007","2. Conversation & Discrétion sociale","Tutoiement / vouvoiement","Informel","Piège","Un jeune banquier échange chaleureusement avec une cliente de haut rang plus âgée. Le tutoiement :","ne peut venir que d'une invitation explicite de la cliente","s'installe de part et d'autre dès que le ton devient chaleureux","peut être proposé par le banquier pour fluidifier la relation","reste écarté, l'écart d'âge et de rang le rendant malvenu","A","Genre, âge et statut de cliente se cumulent : l'initiative lui appartient exclusivement."
"T2-008","2. Conversation & Discrétion sociale","Flatterie","Informel","Intermédiaire","Complimenter abondamment et directement votre hôtesse sur sa fortune et la valeur de sa demeure est :","acceptable dès lors que le compliment est parfaitement sincère","recommandé : c'est ainsi que se noue la sympathie entre convives","une marque de savoir-vivre que la maîtresse de maison apprécie","doublement fautif : flatterie servile et évocation de l'argent","D","L'éloge doit être indirect et porter sur un détail (une conversation, un choix de vin), jamais sur l'argent."
"T2-009","2. Conversation & Discrétion sociale","Flatterie","Informel","Intermédiaire","Pour exprimer votre estime à un dirigeant lors d'une réception, vous dites :","rien du tout : mieux vaut se taire que de risquer l'apparence de la flatterie","« Votre analyse des mutations industrielles propose une grille de lecture très stimulante »","« Une réussite comme la vôtre doit se lire jusque dans votre train de vie »","« Votre parcours est absolument exceptionnel, vous êtes un modèle pour chacun d'entre nous »","B","L'éloge à la française porte sur l'intelligence d'une action ou d'une pensée, non sur l'ego par des superlatifs génériques."
"T2-010","2. Conversation & Discrétion sociale","Écoute / relance","Informel","Fondamental","Pour être un bon convive dans une conversation, il convient de :","poser des questions ouvertes et relancer ses voisins","reprendre les inexactitudes que vos voisins laissent passer","occuper le temps de parole avec ses meilleures anecdotes","briller par un long exposé sur un sujet que l'on maîtrise","A","L'art conversationnel valorise l'écoute active et l'équilibre des temps de parole : on cherche à faire briller l'autre."
"T2-011","2. Conversation & Discrétion sociale","Médisance","Informel","Intermédiaire","Dans des cercles fermés où les familles sont souvent apparentées, répandre une rumeur malveillante nuit surtout :","à l'hôte de la soirée","à celui qui la propage","à la personne visée","à la famille de la personne visée","B","La médisance ouverte détruit la réputation de son auteur dans un milieu où tout le monde se connaît."
"T2-012","2. Conversation & Discrétion sociale","Silence","Informel","Intermédiaire","Face à une remarque indiscrète sur vos revenus en société, la réponse la plus élégante est :","une réplique cinglante qui remet l'indiscret à sa place","un silence courtois ou une pirouette qui change de sujet","quitter la table sans un mot, pour marquer votre réprobation","donner le chiffre exact, pour couper court à la curiosité","B","Le silence ou la litote permet de ne pas s'engager et de signaler une réserve sans la formuler."
"T2-013","2. Conversation & Discrétion sociale","Protocole / titres","Formel","Piège","En France, le titre protocolaire « Excellence » s'applique à :","les ministres du gouvernement français en exercice","les préfets de région et les recteurs d'académie","les ambassadeurs étrangers en poste en France","le Président de la République dans les échanges officiels","C","« Excellence » n'existe pas dans le protocole interne français ; il est réservé aux hauts dignitaires étrangers."
"T2-014","2. Conversation & Discrétion sociale","Protocole épistolaire","Formel","Piège","Dans une lettre formelle soutenue, on exprime à son destinataire :","ses « amitiés », qui conviennent au registre soutenu","ses « considérations affectueuses », marque d'estime","ses « sentiments » (et non ses « salutations »)","ses « salutations » (« Veuillez agréer mes salutations »)","C","On exprime des « sentiments » ; « Veuillez agréer mes salutations » est incorrect dans le registre soutenu."
"T2-015","2. Conversation & Discrétion sociale","Protocole / titres","Formel","Piège","Une femme qui s'adresse à un officier général dit :","« Mon Général », comme un homme","« Excellence », par déférence","« Monsieur le Général »","simplement « Général »","D","« Mon » abrège « Monsieur » (réservé aux hommes) ; une femme dit donc simplement « Général »."
"T2-016","2. Conversation & Discrétion sociale","Langage / formulations","Informel","Piège","Dans la tradition bourgeoise stricte, dire « Bon appétit » avant de manger est :","obligatoire au déjeuner, facultatif lors d'un dîner en famille","proscrit, car cela renvoie à la mécanique digestive du corps","réservé à la maîtresse de maison, qui ouvre le repas","une marque de politesse que chacun des convives se doit d'observer","B","Souhaiter « bon appétit » évoque la dimension physiologique du repas, jugée vulgaire dans les manuels du XIXe siècle."
"T2-017","2. Conversation & Discrétion sociale","Langage / formulations","Informel","Intermédiaire","Pour quitter brièvement la table afin d'aller aux toilettes, on dit :","« Je reviens, petite pause technique »","« Pourriez-vous m'indiquer les toilettes ? »","« Je vais aux toilettes, j'en ai pour un instant »","« Veuillez m'excuser quelques instants »","D","Évoquer un besoin physiologique est proscrit : on s'éclipse discrètement sans justification."
"T2-018","2. Conversation & Discrétion sociale","Langage / formulations","Informel","Intermédiaire","Lorsqu'un convive éternue à table, l'usage le plus raffiné veut que l'on :","propose son mouchoir au convive incommodé, à mi-voix","dise « À vos souhaits », comme le veut l'usage courant","dise « À vos amours », réponse au second éternuement","ignore l'éternuement comme s'il n'avait pas eu lieu","D","L'éternuement étant une manifestation corporelle, la bienséance feint de ne pas le remarquer pour ne pas embarrasser."
"T2-019","2. Conversation & Discrétion sociale","Langage / formulations","Informel","Intermédiaire","Lors d'une présentation officielle, il est plus soutenu de désigner son conjoint par :","son prénom seul, sans autre précision","« mon mari » / « ma femme »","« mon époux » / « mon épouse »","« mon homme » / « ma compagne »","C","« Époux/épouse » marque le lien d'alliance dans les contextes solennels ; « mari/femme » s'emploie au quotidien."
"T2-020","2. Conversation & Discrétion sociale","Langage / formulations","Informel","Intermédiaire","Si vous n'avez pas entendu ce que dit votre interlocuteur, la formule la plus distinguée est :","« Pardon ? » ou « Je vous demande bien pardon »","« Hein ? », d'un ton familier mais direct","« Comment ? » ou « Je n'ai pas bien saisi »","« Quoi ? » ou « Vous disiez quoi, à l'instant ? »","C","« Pardon » traduit une posture jugée servile pour une simple inattention auditive ; on préfère « Comment ? »."
"T2-021","2. Conversation & Discrétion sociale","Sujets tabous","Informel","Fondamental","Outre l'argent, quels sont les deux autres grands sujets à éviter dans un salon ?","les résultats sportifs et la météo","la littérature et l'art contemporain","la politique partisane et la religion","la gastronomie et les voyages lointains","C","Argent, politique partisane et religion forment le trio des sujets tabous."
"T2-022","2. Conversation & Discrétion sociale","Protocole épistolaire","Formel","Piège","Pour diriger un courrier vers une personne précise, on écrit :","« à l'intention de »","« aux bons soins de »","« à l'attention de »","« pour le compte de »","C","« À l'attention de » dirige le courrier ; « à l'intention de » signifie « en l'honneur de » et serait incorrect ici."
"T2-023","2. Conversation & Discrétion sociale","Protocole épistolaire","Formel","Piège","En clôture d'une lettre au Président de la République, on exprime :","« mes sentiments les meilleurs »","« l'expression de ma haute considération »","« l'hommage de mon profond respect »","« mes salutations distinguées »","C","Au chef de l'État on adresse « l'hommage de mon profond respect », non une « considération »."
"T2-024","2. Conversation & Discrétion sociale","Protocole épistolaire","Formel","Piège","Un homme qui écrit à une femme ne lui adresse pas ses « sentiments », mais plutôt :","ses « pensées », d'un tour jugé plus délicat","ses « salutations distinguées », d'un ton plus neutre","ses « hommages respectueux » ou sa « considération »","ses « amitiés », marque de cordialité mesurée","C","On n'adresse pas ses « sentiments » à une personne du sexe opposé ; on emploie « hommages respectueux »."
"T2-025","2. Conversation & Discrétion sociale","Protocole / titres","Formel","Intermédiaire","Le titre « Maître » s'emploie en s'adressant à :","un médecin ou un chirurgien","un avocat ou un notaire","un professeur d'université","un ingénieur ou un architecte","B","« Maître » est réservé aux avocats et notaires (et autres officiers ministériels)."
"T2-026","2. Conversation & Discrétion sociale","Sujets valorisants","Informel","Intermédiaire","Parler de la météo dans un dîner mondain est :","le sujet qui vous met le plus en valeur","proscrit dans les salons soignés","aussi tabou que la question de l'argent","admis, mais jugé plat et ennuyeux","D","La météo est un sujet « sûr » mais banal ; culture, vin et voyages valorisent davantage."
"T2-027","2. Conversation & Discrétion sociale","Tutoiement / vouvoiement","Informel","Piège","Tutoyer un subalterne qui, lui, doit vous vouvoyer est :","l'usage entre collègues","une marque de proximité","la norme hiérarchique","très mal ressenti","D","Le tutoiement non réciproque marque une condescendance mal vécue."
"T2-028","2. Conversation & Discrétion sociale","Ton & volume","Informel","Intermédiaire","Dans la conversation raffinée, les éclats de voix et les rires bruyants sont :","un signe de convivialité que l'on apprécie à table","tolérés une fois le dessert servi, en fin de repas","proscrits, au profit d'un ton modéré et maîtrisé","le propre de l'esprit français et de sa vivacité","C","La voix maîtrisée, jamais forte, est la marque du raffinement hérité des salons."
"T2-029","2. Conversation & Discrétion sociale","Flatterie","Informel","Intermédiaire","L'art français de l'éloge indirect et chirurgical trouve sa source dans :","les salons littéraires modernes","la vie de cour à Versailles","les cercles militaires impériaux","les clubs de la Révolution","B","À Versailles, la flatterie était un art de précision destiné à se distinguer du vulgaire."
"T2-030","2. Conversation & Discrétion sociale","Médisance","Informel","Intermédiaire","La frontière sociale à ne pas franchir oppose l'« information discrète » échangée entre initiés à :","le compliment indirect adressé à un tiers absent de la table","le silence courtois que l'on oppose aux questions trop indiscrètes","la conversation cultivée qui occupe le reste de la table","la calomnie sociale ouverte, qui se retourne contre son auteur","D","L'information circule à mots couverts, mais médire ouvertement détruit la réputation de celui qui colporte."
"T2-031","2. Conversation & Discrétion sociale","Tutoiement / vouvoiement","Informel","Intermédiaire","Quelle linguiste analyse le choix tu/vous à travers la « distance sociale » et la « solidarité communicationnelle » ?","Élisabeth Roudinesco","Julia Kristeva","Simone de Beauvoir","Catherine Kerbrat-Orecchioni","D","Kerbrat-Orecchioni étudie le tutoiement-vouvoiement via la distance sociale et la solidarité communicationnelle."
"T2-032","2. Conversation & Discrétion sociale","Protocole / titres","Formel","Intermédiaire","On s'adresse au maire d'une commune en disant :","« Excellence »","« Monsieur l'Élu »","« Monsieur le Maire »","« Monsieur l'Édile »","C","On emploie la fonction : « Monsieur le Maire », comme « Monsieur le Président »."
"T2-033","2. Conversation & Discrétion sociale","Tutoiement / vouvoiement","Informel","Piège","Dans la bourgeoisie très traditionnelle, le vouvoiement peut persister :","avec les seules personnes à qui l'on n'a pas été présenté","jusqu'au sein du couple ou envers les parents","quelques semaines, le temps que le lien s'établisse","dans le cadre professionnel, mais non dans la famille","B","Le vouvoiement s'y maintient parfois entre époux ou envers les parents, marque de déférence persistante."
"T2-034","2. Conversation & Discrétion sociale","Tutoiement / vouvoiement","Informel","Intermédiaire","Dans quels milieux le tutoiement s'installe-t-il généralement plus vite ?","la magistrature et les professions judiciaires","la haute banque et les grandes maisons de famille","les start-up, le milieu associatif et le sport","la diplomatie et les grands corps de l'État","C","Les jeunes générations et ces milieux tutoient plus rapidement que les cercles traditionnels."
"T2-035","2. Conversation & Discrétion sociale","Silence","Informel","Intermédiaire","Face à une provocation en société, l'attitude la plus raffinée consiste à :","répliquer du tac au tac, sur le même ton","hausser le ton pour couper court à l'échange","laisser un blanc éloquent, sans répondre","quitter la pièce sans un mot, mais avec éclat","C","« Le silence est d'or » : ne pas répondre à une provocation est une compétence sociale."
"T2-036","2. Conversation & Discrétion sociale","Flatterie","Informel","Intermédiaire","L'« hommage voilé » désigne :","un compliment indirect et allusif, jamais appuyé","une lettre de remerciement adressée le lendemain","un présent choisi, offert sans ostentation","un éloge public, appuyé devant l'assemblée","A","On loue par la nuance (un détail, un choix), à l'opposé de la flatterie servile."
"T2-037","2. Conversation & Discrétion sociale","Ton & humour","Informel","Intermédiaire","Dans les cercles raffinés, l'« esprit » (la répartie élégante) se distingue :","de l'understatement et de la litote britannique","du calembour lourd et de la blague grossière","de l'ironie fine et de l'allusion voilée","du sous-entendu et du second degré","B","L'esprit, c'est la répartie élégante — l'inverse du calembour appuyé ou de la plaisanterie grossière."
"T2-038","2. Conversation & Discrétion sociale","Conversation / origine","Informel","Intermédiaire","La conversation conçue comme « joute feutrée » valorisant la vivacité intellectuelle vient des salons :","des années d'après-guerre","de la Belle Époque","du Second Empire","du Siècle des Lumières","D","Les salons des Lumières concevaient la conversation comme un exercice d'esprit sans colère ni grossièreté."
"T2-039","2. Conversation & Discrétion sociale","Conversation / nature","Informel","Intermédiaire","La conversation mondaine française vise avant tout :","l'échange efficace des informations utiles à chaque interlocuteur","la résolution rapide des questions soulevées à la table","la transmission exacte des données et des faits chiffrés","un exercice intellectuel où la forme et le sous-entendu priment","D","Elle privilégie la forme, le sous-entendu et la maîtrise de soi sur l'exposition des convictions."
"T2-040","2. Conversation & Discrétion sociale","Tabou de l'argent","Informel","Intermédiaire","Quelle sociologue relie le tabou français de l'argent à l'héritage catholique, aristocratique et révolutionnaire ?","Jeanne Lazarus","Monique Pinçon-Charlot","Dominique Schnapper","Nathalie Heinich","A","Jeanne Lazarus (Sciences Po) analyse ces trois racines du tabou de l'argent."
"T2-041","2. Conversation & Discrétion sociale","Tabou de l'argent","Informel","Fondamental","Demander à quelqu'un « combien gagnes-tu ? » est, en France :","un compliment déguisé et plutôt flatteur","une question banale, sans conséquence","considéré comme un manque d'éducation","une marque d'intérêt sincère","C","L'argent étant tabou, interroger sur les revenus passe pour un manque d'éducation."
"T2-042","2. Conversation & Discrétion sociale","Tabou de l'argent","Informel","Intermédiaire","Par contraste avec la France, les cultures protestantes anglo-saxonnes ont tendance à :","tenir le succès financier pour un sujet privé","réprouver le commerce et les métiers d'argent","célébrer publiquement la réussite matérielle","juger la réussite matérielle de mauvais goût","C","Là où la France tait l'argent, la tradition protestante valorise plus ouvertement la réussite matérielle."
"T2-043","2. Conversation & Discrétion sociale","Ton & humour","Informel","Intermédiaire","Dans la conversation française raffinée :","l'ironie fine est prisée, mais l'agressivité ouverte est proscrite","la surenchère verbale est recherchée pour animer l'échange","la contradiction méthodique passe pour une marque d'esprit supérieur","l'agressivité franche passe pour une marque de sincérité","A","L'ironie fine est valorisée ; l'agressivité frontale est bannie."
"T2-044","2. Conversation & Discrétion sociale","Art de dire non","Informel","Piège","Pour signaler une réserve sans refuser ouvertement, on peut dire :","« c'est intéressant » ou « nous allons voir »","« c'est non, et la décision est prise »","« n'y comptez pas, je vous le dis franchement »","« je refuse, et je n'y reviendrai pas »","A","Ces formules signalent une réserve polie sans formuler de refus explicite."
"T2-045","2. Conversation & Discrétion sociale","Finalité de la politesse","Informel","Intermédiaire","Le but ultime de la politesse conversationnelle française est :","d'avoir publiquement raison, au vu et au su de tous les convives","d'imposer son point de vue à force d'arguments serrés","d'exposer ses convictions avec clarté et fermeté","de préserver la relation et le confort de l'interlocuteur","D","On privilégie l'harmonie de la relation sur la nécessité d'avoir raison ou d'exposer ses opinions."
"T3-001","3. Table & Réceptions","Placement / préséances","Informel","Fondamental","Lors d'un dîner privé, l'invité d'honneur masculin est placé :","en bout de table, face au maître de maison","à la gauche de la maîtresse de maison","en face de la maîtresse de maison","à la droite de la maîtresse de maison","D","L'invité d'honneur masculin est à la droite de la maîtresse de maison ; l'invitée d'honneur féminine à la droite du maître."
"T3-002","3. Table & Réceptions","Préséance diplomatique","Formel","Piège","À un dîner privé réunissant un ministre français et un ambassadeur étranger en poste, qui prend la préséance à la droite de la maîtresse de maison ?","le ministre français, au nom des rangs de l'État","l'ambassadeur étranger, par courtoisie diplomatique","le plus ancien dans ses fonctions officielles, à rang égal","l'ambassadeur, s'il est doyen du corps diplomatique","B","La courtoisie internationale accorde la préséance au représentant d'une puissance souveraine étrangère."
"T3-003","3. Table & Réceptions","Placement / couples","Informel","Intermédiaire","À table, on sépare traditionnellement les couples, sauf :","les couples mariés depuis plus de dix ans","les couples que l'on reçoit pour la première fois","les fiancés et jeunes mariés de moins d'un an","les couples qui en font expressément la demande","C","On alterne hommes et femmes et on sépare les couples, hormis les unions de moins d'un an."
"T3-004","3. Table & Réceptions","Posture à table","Informel","Piège","En France, lorsqu'on ne s'en sert pas, la main gauche doit :","demeurer posée sur les genoux, comme le veut l'usage anglais","conserver la fourchette en main tout au long du plat","reposer à plat sur la table, le coude en appui également","rester visible, posée sur la table (poignet ou avant-bras)","D","En France les deux mains restent visibles ; poser la main sur les genoux est la règle anglaise."
"T3-005","3. Table & Réceptions","Posture à table","Informel","Intermédiaire","À table, les coudes :","se posent sur la table au même titre que les poignets et les avant-bras","peuvent reposer sur la table une fois le dessert servi et l'assiette ôtée","ne se posent jamais sur la table, contrairement aux poignets et avant-bras","peuvent reposer sur la table pendant que l'on mange, si l'on se tient droit","C","On ne met pas les coudes sur la table en mangeant ; seuls poignets et avant-bras peuvent y reposer."
"T3-006","3. Table & Réceptions","Couverts / salade","Informel","Piège","Comment mange-t-on la salade verte à un dîner formel français ?","on s'aide d'un morceau de pain tenu dans l'autre main","on la coupe au couteau, en petits morceaux réguliers","on la saisit avec les doigts, comme les asperges en branches","on plie les feuilles avec la fourchette, sans couteau","D","On ne coupe jamais la salade au couteau ; on plie la feuille avec la fourchette."
"T3-007","3. Table & Réceptions","Couverts / salade","Informel","Piège","Pourquoi l'étiquette interdit-elle historiquement de couper la salade au couteau ?","parce que le vinaigre oxydait les anciennes lames en acier non inoxydable et donnait un goût métallique","parce que les feuilles doivent demeurer entières pour ne pas rendre leur eau et détremper la vinaigrette","parce que le maître de maison y aurait vu le reproche d'avoir servi des feuilles mal parées","parce que le couteau, réservé aux viandes et aux fromages, ne devait pas toucher les crudités","A","La vinaigrette attaquait l'acier non inoxydable des couteaux d'antan, altérant le goût et ternissant l'argenterie."
"T3-008","3. Table & Réceptions","Couverts / position","Informel","Intermédiaire","Pour signaler au service que vous avez terminé votre plat, vous disposez vos couverts :","à cheval sur l'assiette, manches posés sur la nappe","croisés au milieu de l'assiette, lame vers soi","parallèles, posés ensemble dans l'assiette","replacés de part et d'autre de l'assiette","C","Couverts parallèles dans l'assiette = « terminé » ; couverts croisés = « pause »."
"T3-009","3. Table & Réceptions","Couverts / usage","Informel","Intermédiaire","Parmi ces mets, lequel se mange en principe sans couteau ?","le rosbif","le camembert","l'entrecôte","l'omelette","D","Le couteau ne sert qu'à la viande et au fromage ; pas pour l'omelette, les pâtes, la salade ou le foie gras."
"T3-010","3. Table & Réceptions","Couverts / fourchette","Informel","Piège","Spécificité française, les fourchettes sont posées sur la table :","dents tournées vers la nappe, pour montrer les armoiries gravées au dos","à droite de l'assiette, les dents tournées vers le convive","dents tournées vers le haut, pour que les armoiries gravées sur le manche se lisent de face","dents tournées vers la nappe, mais seulement pour le couvert à poisson","A","En France les dents pointent vers la nappe (armoiries au dos), à l'inverse de l'usage anglais."
"T3-011","3. Table & Réceptions","Vin / refus","Informel","Piège","Pour refuser poliment d'être resservi en vin, il faut :","couvrir son verre de sa serviette pliée, le temps que le service soit passé devant soi","laisser le verre tel quel ou poser brièvement la main au-dessus en remerciant","renverser son verre sur la nappe pour signifier clairement son abstention","vider son verre entièrement pour que le service n'ait pas à le remplir","B","On ne retourne jamais son verre ; on le laisse en place ou on le couvre d'un geste discret de la main."
"T3-012","3. Table & Réceptions","Vin / tenue du verre","Informel","Intermédiaire","Un verre à vin se tient :","par le pied et le calice","par le pied (la jambe)","par le calice, à pleine main","par le haut du calice","B","On tient le verre par le pied pour ne pas réchauffer le vin ni laisser de traces sur le calice."
"T3-013","3. Table & Réceptions","Vin / dégustation","Informel","Intermédiaire","Lors d'un dîner, qui goûte le vin pour vérifier l'absence de défaut avant le service des convives ?","chacun des convives, dans son propre verre","l'invité d'honneur, en signe de déférence","l'hôte (ou la personne qui a commandé)","le convive le plus âgé de la table","C","L'hôte goûte et approuve ; les dames sont servies en premier, celui qui a goûté en dernier."
"T3-014","3. Table & Réceptions","Vin / service","Informel","Intermédiaire","On remplit un verre à vin :","à moitié exactement, quelle que soit la taille du verre","presque à ras bord, afin d'éviter d'avoir à resservir trop souvent","aux deux tiers au maximum, pour laisser les arômes se déployer","au quart du verre, pour concentrer les arômes dans le calice","C","Un verre rempli aux deux tiers au plus permet au vin de s'aérer et aux arômes de s'exprimer."
"T3-015","3. Table & Réceptions","Fromage / nez","Informel","Piège","Devant un brie déjà entamé en pointe, vous coupez :","une tranche dans la longueur, pour avoir cœur et croûte","la pointe (le « nez »), part la plus fondante du fromage","le cœur seul, prélevé à la cuillère, en laissant la croûte","une part prise sur le bord, en longeant la croûte","A","Couper le « nez » revient à s'approprier le meilleur ; on coupe pour que chacun ait sa part de cœur et de croûte."
"T3-016","3. Table & Réceptions","Fromage / bleu","Informel","Intermédiaire","Un fromage à pâte persillée (roquefort, bleu) se découpe :","en raclant la surface à la lame, pour n'en prélever que la partie affinée","en cubes réguliers détachés au fil de nylon, comme on le fait pour un buffet","en éventail ou en triangles depuis la pointe, pour répartir équitablement le bleu","en dégageant d'abord le persillage central, sensiblement plus salé que le reste de la pâte","C","Le persillage étant concentré au cœur, la coupe en éventail répartit les saveurs fortes entre les convives."
"T3-017","3. Table & Réceptions","Fromage / se resservir","Informel","Intermédiaire","Lors du service du plateau de fromages, se resservir une seconde fois est :","jugé impoli, car cela suggère un repas principal trop peu copieux","attendu, le plateau étant destiné à repasser une seconde fois devant chacun","recommandé, car c'est un compliment adressé au choix des fromages","admis pour les pâtes pressées, que l'on sert en plus petite part","A","Le plateau ne passe qu'une fois ; le fromage est une dégustation et l'on ne se ressert pas."
"T3-018","3. Table & Réceptions","Fromage / présentation","Informel","Intermédiaire","On présente classiquement un plateau composé d'un nombre :","impair de fromages (3, 5, 7)","de plus de dix fromages","pair de fromages (2, 4, 6, 8)","d'un fromage par convive","A","La tradition veut un nombre impair de fromages, dégustés du plus doux au plus fort."
"T3-019","3. Table & Réceptions","Pain / placement","Informel","Intermédiaire","Le pain, à table, se place :","à droite de l'assiette, posé sur la nappe, près du couteau à beurre","en bordure de l'assiette principale, à côté du beurre que l'on vient de servir","directement sur la nappe (ou sur l'assiette à pain, en haut à gauche)","dans la corbeille commune, au centre, où chacun se sert au besoin","C","Le pain se pose sur la nappe ou sur la petite assiette à pain à gauche, jamais dans l'assiette principale."
"T3-020","3. Table & Réceptions","Pain / rompre","Informel","Fondamental","À table, le pain :","se mange par petites bouchées prises à même la tranche entière","se rompt à la main, en petits morceaux, au fur et à mesure","se coupe en tranches régulières, au couteau de table","se beurre en une fois, avant d'entamer le plat servi","B","On rompt le pain à la main morceau par morceau ; le couper à son couteau de table est proscrit."
"T3-021","3. Table & Réceptions","Cadeau d'invité / fleurs","Informel","Piège","Arriver à un dîner avec un grand bouquet de fleurs coupées à arranger le soir même est :","maladroit : cela occupe l'hôtesse au mauvais moment ; mieux vaut faire livrer les fleurs avant ou après","le présent le plus sûr : la maîtresse de maison peut le disposer aussitôt en vue de ses convives","de rigueur lors d'une première invitation, où l'on ne connaît pas encore les goûts de la maison","acceptable dès lors que les tiges sont courtes et que le bouquet arrive déjà lié en gerbe","A","Un bouquet à mettre en vase mobilise la maîtresse de maison ; l'usage raffiné fait livrer les fleurs avant/après."
"T3-022","3. Table & Réceptions","Cadeau d'invité / fleurs","Informel","Intermédiaire","Parmi ces fleurs, laquelle est à éviter absolument comme cadeau, par sa connotation funéraire ?","les renoncules doubles","les delphiniums","les tulipes perroquet","les chrysanthèmes","D","Les chrysanthèmes évoquent le deuil (Toussaint) ; les œillets et les roses rouges sont également déconseillés."
"T3-023","3. Table & Réceptions","Cadeau d'invité / vin","Informel","Intermédiaire","Offrir une bouteille de vin à ouvrir le soir même chez vos hôtes est délicat car :","cela laisse entendre que la cave de la maison serait insuffisamment garnie","cela bouscule les accords mets-vins méticuleusement préparés par l'hôte","le prix de la bouteille se devine, ce qui embarrasse les convives","le vin passe pour un présent trop convenu entre gens du monde","B","L'hôte se sentirait obligé d'ouvrir la bouteille, perturbant l'harmonie prévue entre plats et vins."
"T3-024","3. Table & Réceptions","Remerciements / lettre de château","Informel","Intermédiaire","La « lettre de château » (remerciement après réception ou séjour) s'envoie :","le soir même, par un message électronique adressé à la maîtresse de maison","dans les jours qui suivent (idéalement sous trois semaines), manuscrite","avant la réception, en même temps que l'acceptation de l'invitation","dans l'année qui suit, à l'occasion des vœux adressés à la maison","B","Lettre manuscrite à la maîtresse de maison, personnelle et sincère, envoyée de trois jours à trois semaines après."
"T3-025","3. Table & Réceptions","Remerciements / lettre","Informel","Piège","Selon la tradition épistolaire de la bonne société, une lettre ne commence jamais par :","la date du jour","le mot « Je »","le nom du lieu","« Chère Madame »","B","L'usage proscrit de débuter une lettre par « Je », jugé trop centré sur soi."
"T3-026","3. Table & Réceptions","Toasts","Informel","Fondamental","Qui porte le premier toast lors d'un dîner ?","le convive arrivé le dernier","le maître ou la maîtresse de maison","l'invité d'honneur de la soirée","le doyen d'âge de la table","B","L'hôte porte le premier toast (bienvenue ou hommage à un invité) ; l'invité d'honneur peut répondre."
"T3-027","3. Table & Réceptions","Conversation de table","Informel","Intermédiaire","La règle classique de conversation de table recommande de :","s'adresser à l'ensemble de la table à voix haute pendant tout le repas, afin que nul ne se sente écarté","s'entretenir avec un même voisin durant tout le repas, pour ne pas rompre le fil du propos","réserver l'essentiel de son propos à l'invité d'honneur, que chacun doit honorer","converser d'abord avec son voisin de droite, puis se tourner vers celui de gauche au plat suivant","D","Cette « rotation », souvent lancée par la maîtresse de maison, évite qu'un convive ne soit délaissé."
"T3-028","3. Table & Réceptions","Interdits à table","Informel","Intermédiaire","Lors d'un dîner formel, lequel de ces objets peut être posé sur la table ?","aucun de ces objets : ni téléphone, ni clés, ni cigarettes","le paquet de cigarettes, si l'on en a demandé la permission","le téléphone, posé face contre nappe et réduit au silence","les clés, si on les place discrètement au-dessus de l'assiette","A","Aucun objet personnel ne se pose sur la table (ni téléphone, ni clés, ni cigarettes)."
"T3-029","3. Table & Réceptions","Serviette","Informel","Intermédiaire","La serviette de table se place :","en bavette, glissée dans l'échancrure du col, pour les mets délicats","sur le dossier de la chaise, puis repliée avec soin à la fin du repas","à droite de l'assiette, et dépliée seulement au premier plat servi","sur les genoux, et se pose à gauche de l'assiette en fin de repas","D","La serviette va sur les genoux (jamais en bavette) et se dépose à gauche, sans la replier soigneusement."
"T3-030","3. Table & Réceptions","Départ","Informel","Intermédiaire","À un dîner où une très haute personnalité est présente, l'usage protocolaire veut que :","l'on ne prenne pas congé avant cette personnalité","l'on prenne congé dès que le café a été servi","l'invité d'honneur soit le premier à prendre congé","les convives se retirent tous ensemble, au même moment","A","On ne quitte pas la table avant la personne du plus haut rang."
"T3-031","3. Table & Réceptions","Placement / table","Informel","Intermédiaire","La « présidence à la française » d'une table place les hôtes :","au milieu de la table, face à face","aux deux bouts de la table, face à face","de part et d'autre de l'invité d'honneur","côte à côte, à l'un des bouts de la table","A","Recommandée, elle place les hôtes au centre face à face ; « à l'anglaise » les place aux extrémités."
"T3-032","3. Table & Réceptions","Vin / ordre de service","Informel","Intermédiaire","Dans quel ordre sert-on classiquement les vins au cours d'un repas ?","du millésime le plus ancien au plus récent, sans autre considération","des plus légers aux plus corsés, blancs avant rouges, secs avant liquoreux","les liquoreux en tout premier, puis les blancs secs et enfin les rouges","des plus corsés aux plus légers, rouges avant blancs, pour finir sur la fraîcheur","B","On va du léger au corsé, du blanc au rouge, du jeune au vieux, du sec au liquoreux (le champagne brut faisant exception)."
"T3-033","3. Table & Réceptions","Fromage / découpe meule","Informel","Intermédiaire","Un fromage en meule à pâte pressée (comté, beaufort) se découpe :","en cubes détachés à la pointe du couteau à fromage","en prélevant d'abord la partie centrale, la plus fondante","en fines lamelles détachées au rabot à fromage","en tranches parallèles depuis le cœur vers le talon","D","La coupe en tranches depuis le cœur évite que les derniers convives n'héritent que du talon de croûte."
"T3-034","3. Table & Réceptions","Remerciements / lettre de château","Informel","Intermédiaire","La « lettre de château » correspond, dans le monde anglo-saxon, à :","le « thank you note » professionnel","le « courtesy call » d'usage","le « bread and butter letter »","la « letter of introduction »","C","C'est l'équivalent du « bread and butter letter », mot de remerciement après une hospitalité."
"T3-035","3. Table & Réceptions","Préséances officielles","Formel","Intermédiaire","Les préséances d'un repas officiel républicain sont fixées par :","la Constitution de la Ve République","un arrêté du ministre de l'Intérieur","le décret n°89-655 du 13 septembre 1989","un usage coutumier demeuré non écrit à ce jour","C","Ce décret fixe l'ordre des préséances ; une personne est considérée selon sa plus haute fonction."
"T3-036","3. Table & Réceptions","Couverts","Informel","Intermédiaire","On utilise les couverts d'un repas à plusieurs services :","de l'extérieur vers l'intérieur, au fil des plats","en suivant l'ordre des verres, de gauche à droite","en commençant par les couverts du haut de l'assiette","de l'intérieur vers l'extérieur, au fil des plats","A","On part des couverts les plus éloignés de l'assiette, sans jamais en disposer plus de trois de chaque côté."
"T3-037","3. Table & Réceptions","Couverts / position","Informel","Intermédiaire","Pour signaler une simple pause pendant le repas, on dispose ses couverts :","parallèles dans l'assiette","croisés dans l'assiette","appuyés contre le verre","posés de part et d'autre","B","Couverts croisés = « pause » ; couverts parallèles = « terminé »."
"T3-038","3. Table & Réceptions","Fromage / découpe","Informel","Intermédiaire","Un fromage rond et plat (camembert, reblochon) se découpe :","en prélevant d'abord la partie centrale, plus crémeuse","à la cuillère, en creusant du centre vers le bord extérieur","en tranches horizontales, la croûte étant partagée ensuite","en parts triangulaires égales, du centre vers la croûte","D","La coupe en rayons garantit à chacun une part égale de cœur et de croûte."
"T3-039","3. Table & Réceptions","Fromage / découpe","Informel","Piège","Avant de couper une bûche de chèvre (Sainte-Maure), il faut :","retirer soigneusement la cendre de la surface","la fendre en deux moitiés, dans la longueur","retirer délicatement la paille centrale","ôter la croûte fleurie sur toute sa longueur","C","On ôte la paille de céréale pour ne pas écraser la pâte fragile lors de la découpe."
"T3-040","3. Table & Réceptions","Fromage / découpe","Informel","Intermédiaire","Un fromage de forme carrée (Maroilles, Pont-l'Évêque) se découpe :","en diagonale croisée (quatre triangles), puis en parts égales","en prélevant d'abord le cœur, la croûte étant partagée à part","en tranches parallèles régulières, d'un bord du carré à l'autre","en carrés concentriques de plus en plus petits, depuis le bord","A","La diagonale croisée assure une répartition juste de la croûte et du cœur."
"T3-041","3. Table & Réceptions","Interdits à table","Informel","Piège","Saucer son assiette est toléré uniquement :","lorsque l'hôte y invite expressément la table","avec la cuillère à entremets, sans faire de bruit","avec un morceau de pain tenu entre deux doigts","avec un morceau de pain piqué à la fourchette","D","Saucer au pain tenu à la main est proscrit ; seul le pain piqué à la fourchette est admis."
"T3-042","3. Table & Réceptions","Vin / service","Informel","Intermédiaire","Lors du service du vin, on sert d'abord :","les dames","l'amphitryon","le dégustateur","le benjamin","A","Les dames sont servies en premier ; celui qui a goûté le vin est resservi en dernier."
"T3-043","3. Table & Réceptions","Placement / table","Informel","Intermédiaire","Pourquoi privilégie-t-on souvent une table ronde ou ovale pour un dîner ?","parce qu'elle évite les conflits de préséance (pas de bouts de table)","parce qu'elle permet de placer un plus grand nombre de convives à surface égale","parce qu'elle facilite le service, qui tourne sans interruption","parce qu'elle est prescrite dès que l'on dépasse douze couverts","A","Sans extrémités, la table ronde neutralise les questions de rang ; on évite au-delà de 14 à 16 convives."
"T3-044","3. Table & Réceptions","Remerciements","Informel","Piège","Pour des condoléances ou une lettre de château, une carte de visite :","est préférable à une lettre trop longue","n'a plus cours dans l'usage actuel","suffit dès lors qu'elle est manuscrite","ne remplace jamais une vraie lettre","D","Certaines circonstances (condoléances, lettre de château) imposent une véritable lettre, pas une simple carte."
"T3-045","3. Table & Réceptions","Placement / préséances","Informel","Intermédiaire","À un dîner privé, l'invitée d'honneur féminine est placée :","à la gauche de la maîtresse de maison","à la droite du maître de maison","à la gauche du maître de maison","juste en face du maître de maison","B","Symétriquement à l'invité d'honneur masculin, placé à la droite de la maîtresse de maison."
"T3-046","3. Table & Réceptions","Fromage / dégustation","Informel","Intermédiaire","Dans quel ordre déguste-t-on les fromages d'un plateau ?","en commençant par les bleus","du plus fort au plus doux","au gré du plateau présenté","du plus doux au plus fort","D","On va du plus doux au plus fort pour ne pas saturer le palais d'emblée."
"T3-047","3. Table & Réceptions","Vin / ordre de service","Informel","Piège","Dans l'ordre de service des vins (secs avant liquoreux), quelle est l'exception classique ?","le vin doux naturel","le vin de liqueur","le champagne brut","le vin blanc sec","C","Le champagne brut fait figure d'exception dans la progression du sec vers le liquoreux."
"T4-001","4. Élégance, Posture & Dress Code","Luxe discret","Informel","Fondamental","La discrétion du luxe à la française privilégie :","des matières brillantes et des couleurs vives, faites pour capter le regard","l'accumulation de pièces rares, dont le nombre atteste la réussite","des logos bien visibles, garants pour l'œil averti d'une qualité certaine","des pièces de grande qualité mais discrètes, sans ostentation","D","« Le luxe, ce n'est pas le contraire de la pauvreté mais celui de la vulgarité » (attribué à Coco Chanel)."
"T4-002","4. Élégance, Posture & Dress Code","Dress code","Formel","Intermédiaire","Quelle est la différence entre le White Tie et le Black Tie ?","aucune différence de tenue : seule change la couleur du nœud papillon, blanc ou noir","White Tie = smoking et nœud papillon blanc ; Black Tie = queue-de-pie et nœud papillon noir","White Tie = costume sombre et cravate claire ; Black Tie = queue-de-pie et gants blancs","White Tie = queue-de-pie/frac et nœud papillon blanc ; Black Tie = smoking et nœud papillon noir","D","White Tie (le plus formel) impose frac et nœud blanc ; Black Tie impose le smoking et le nœud noir."
"T4-003","4. Élégance, Posture & Dress Code","Dress code / smoking","Formel","Piège","Avec un smoking (Black Tie), l'erreur à ne jamais commettre est :","porter un nœud papillon noir en soie, noué à la main plutôt que pré-noué","porter des chaussures vernies noires plutôt que des richelieus cirés","porter une cravate longue noire au lieu du nœud papillon (évoque le deuil)","porter une ceinture de smoking (cummerbund) dont les plis sont tournés vers le haut","C","La cravate longue noire évoque le deuil ; le smoking impose le nœud papillon noir."
"T4-004","4. Élégance, Posture & Dress Code","Dress code / tenue de ville","Formel","Intermédiaire","Sur une invitation, la mention « Tenue de Ville » impose :","une veste claire sans cravate, dans l'esprit d'un cocktail estival en plein air","un costume sombre (anthracite ou bleu marine), chemise claire et cravate sobre","un smoking avec nœud papillon noir et ceinture de smoking (cummerbund)","un pantalon de flanelle et un blazer à boutons dorés, sans cravate","B","« Tenue de Ville » = costume d'affaires sombre avec cravate, pour les événements formels avant la nuit."
"T4-005","4. Élégance, Posture & Dress Code","Dress code / doute","Formel","Intermédiaire","En cas de doute sur le niveau de formalité d'un événement, il vaut mieux être :","légèrement trop habillé (overdressed) que pas assez","aligné sur la tenue que portera l'hôte lui-même","vêtu de couleurs franches, qui signalent une personnalité","délibérément un cran en dessous, pour paraître à son aise","A","Être légèrement mieux habillé que requis est toujours préférable à une tenue insuffisante."
"T4-006","4. Élégance, Posture & Dress Code","Accessoires / pochette","Informel","Piège","La pochette de costume doit-elle être assortie exactement à la cravate, dans le même tissu ?","l'usage ne tranche pas : les deux partis se valent selon les tailleurs","non : elle s'harmonise mais ne doit jamais être identique au tissu de la cravate","oui : le même tissu pour les deux garantit une harmonie parfaite","oui pour les tenues de soirée, non pour le costume porté au bureau","B","Assortir pochette et cravate dans le même tissu est jugé d'un goût douteux ; l'harmonie doit rester indirecte."
"T4-007","4. Élégance, Posture & Dress Code","Accessoires / règle Chanel","Informel","Fondamental","La règle attribuée à Coco Chanel sur les accessoires recommande, avant de sortir :","d'en retirer un devant le miroir, pour éviter la surcharge","de renoncer à tout bijou, la sobriété tenant lieu de parure","d'ajouter un dernier accessoire devant le miroir, pour affirmer son style","d'assortir tous ses bijoux dans un même métal, pour l'unité de la parure","A","La règle du « -1 » : un bijou fort plutôt que l'accumulation."
"T4-008","4. Élégance, Posture & Dress Code","Posture","Informel","Intermédiaire","Croiser les bras pendant une conversation est perçu en France comme :","une posture de fermeture, à éviter","une marque de réflexion appréciée","une marque de respect envers l'aîné","une posture ouverte et engageante","A","On se tient droit et l'on évite de croiser les bras, signe de fermeture ou de défense."
"T4-009","4. Élégance, Posture & Dress Code","Contact visuel","Informel","Fondamental","En trinquant en France, il convient de :","regarder le verre que l'on choque","regarder la personne dans les yeux","baisser les yeux par courtoisie","regarder l'ensemble de la table","B","Le regard direct est signe de sincérité ; lors du toast, on regarde dans les yeux la personne avec qui l'on trinque."
"T4-010","4. Élégance, Posture & Dress Code","Bise / poignée de main","Informel","Intermédiaire","Dans le doute, en contexte professionnel (surtout international), le geste le plus sûr est :","une accolade chaleureuse","une poignée de main franche","les deux bises d'usage","un signe de la main à distance","B","La poignée de main, ni molle ni broyeuse, n'est jamais une faute ; la bise relève du registre amical."
"T4-011","4. Élégance, Posture & Dress Code","Bise / régions","Informel","Intermédiaire","Le nombre de bises en France :","s'établit à deux dans l'ensemble du pays","s'élève à quatre à Paris et à deux en province","varie selon les régions (une, deux, trois ou quatre)","suit le rang social plutôt que la région","C","Deux dans la majeure partie du pays dont Paris, mais une dans le Finistère, trois ou quatre ailleurs."
"T4-012","4. Élégance, Posture & Dress Code","Parfum","Informel","Intermédiaire","Un parfum puissant, perceptible à plusieurs mètres, est-il un signe d'élégance à un dîner ?","cela dépend de la saison : plus ample en hiver, plus léger en été","oui, dès lors qu'il s'agit d'une composition rare et coûteuse","non : le sillage doit rester discret, surtout à table","oui : un sillage reconnaissable affirme une signature personnelle","C","Un parfum doit se deviner de près ; un sillage envahissant gêne notamment la dégustation des mets et des vins."
"T4-013","4. Élégance, Posture & Dress Code","Langage corporel","Informel","Intermédiaire","Pour désigner quelqu'un ou quelque chose élégamment, on :","pointe l'index dans sa direction","indique d'un geste ouvert de la main","claque des doigts pour attirer l'œil","désigne d'un mouvement du menton","B","On ne pointe pas du doigt ; on indique d'un geste ouvert de la main."
"T4-014","4. Élégance, Posture & Dress Code","Codes des cercles","Formel","Intermédiaire","À l'Automobile Club de France, quel accessoire est obligatoire pour les hommes ?","le gilet","les gants","la cravate","le chapeau","C","L'Automobile Club de France impose le port de la cravate."
"T4-015","4. Élégance, Posture & Dress Code","Héritage / civilité","Informel","Intermédiaire","Le premier traité de savoir-vivre de l'époque moderne (1530) a été écrit par :","Nadine de Rothschild","Baldassare Castiglione","Jean-Baptiste de La Salle","Érasme de Rotterdam","D","« De civilitate morum puerilium » d'Érasme (1530) fonde le savoir-vivre occidental moderne."
"T4-016","4. Élégance, Posture & Dress Code","Galanterie / escalier","Informel","Piège","En escortant une femme dans un escalier monumental, l'homme doit, selon l'usage classique :","monter à sa hauteur, en lui offrant le bras du côté de la rampe","la suivre à la montée et la précéder à la descente","la précéder à la montée et se placer devant elle à la descente","la laisser monter la première et se tenir deux marches en retrait","C","L'homme précède à la montée (intimité) et passe devant à la descente pour parer une éventuelle chute."
"T4-017","4. Élégance, Posture & Dress Code","Distance sociale","Informel","Intermédiaire","La distance de courtoisie à respecter entre interlocuteurs dans un cadre formel est d'environ :","trois pas","un mètre","deux mètres","un demi-pas","B","On garde environ un mètre, avec un contact visuel franc mais non agressif et sans gestes brusques."
"T4-018","4. Élégance, Posture & Dress Code","Dress code / White Tie","Formel","Piège","En tenue de White Tie, le pantalon se porte avec :","une ceinture de smoking en soie noire","au choix, ceinture ou bretelles","des bretelles (jamais de ceinture)","une fine ceinture de cuir noir","C","Le pantalon de frac se porte avec des bretelles, jamais avec une ceinture."
"T4-019","4. Élégance, Posture & Dress Code","Dress code / Black Tie Optional","Formel","Intermédiaire","La mention « Black Tie Optional » signifie :","chacun choisit librement sa tenue, du costume au blazer","le smoking est écarté au profit du costume sombre","le smoking est encouragé, mais un costume sombre est toléré","le White Tie remplace le smoking pour cette soirée","C","« Optional » laisse le choix entre smoking (préféré) et costume sombre."
"T4-020","4. Élégance, Posture & Dress Code","Dress code / Creative Black Tie","Formel","Piège","Le « Creative Black Tie » autorise :","de se dispenser de la veste de smoking","toute fantaisie laissée au goût de chacun","un seul élément signature personnel","le jean sombre avec veste habillée","C","La fantaisie se limite à un unique élément personnel ; le reste suit les codes du smoking."
"T4-021","4. Élégance, Posture & Dress Code","Dress code","Formel","Fondamental","Le jean, dans un contexte professionnel formel, est :","proscrit","toléré","de rigueur","usuel","A","Le jean reste exclu du registre professionnel formel."
"T4-022","4. Élégance, Posture & Dress Code","Accessoires masculins","Informel","Intermédiaire","Les boutons de manchettes accompagnent :","les chemises de ville à poignets simples","les seules chemises à col cassé de cérémonie","les chemises à col boutonné américain","les chemises à poignets mousquetaires","D","Les poignets mousquetaires, de rigueur en cérémonie, appellent les boutons de manchettes."
"T4-023","4. Élégance, Posture & Dress Code","Accessoires masculins","Informel","Piège","En tenue de White Tie, une montre-bracelet visible est :","bien vue","à éviter","attendue","obligatoire","B","La montre-bracelet visible est déconseillée dans le registre le plus formel."
"T4-024","4. Élégance, Posture & Dress Code","Sprezzatura","Informel","Intermédiaire","Le concept de « sprezzatura » (élégance sans effort apparent) est emprunté à :","Coco Chanel (tradition française)","Castiglione (tradition italienne)","Nadine de Rothschild (usage français)","Beau Brummell (tradition anglaise)","B","La sprezzatura, concept de Castiglione, désigne le raffinement qui paraît naturel et sans effort."
"T4-025","4. Élégance, Posture & Dress Code","Luxe discret","Informel","Intermédiaire","« Le luxe, ce n'est pas le contraire de la pauvreté mais celui de... » :","la richesse","l'élégance","la vulgarité","la simplicité","C","La formule attribuée à Coco Chanel oppose le luxe à la vulgarité, non à la pauvreté."
"T4-026","4. Élégance, Posture & Dress Code","Langage corporel","Informel","Intermédiaire","Se curer les dents en public est une faute déjà signalée en 1530 par :","Molière","Érasme","Voltaire","Louis XIV","B","Le traité d'Érasme (1530) proscrivait déjà ce geste, toujours valable aujourd'hui."
"T4-027","4. Élégance, Posture & Dress Code","Codes des cercles","Informel","Piège","Appliquer un registre vestimentaire « Saint-Tropez » très décontracté à Deauville est :","parfaitement adapté : les deux stations partagent le même esprit balnéaire","une faute de registre : Deauville impose un chic feutré « marine »","indifférent : le registre balnéaire ne varie plus d'une côte à l'autre","acceptable en pleine saison, la tenue s'y faisant plus libre","B","Deauville relève d'un chic feutré (marine), distinct du registre estival décontracté de Saint-Tropez."
"T4-028","4. Élégance, Posture & Dress Code","Posture","Informel","Intermédiaire","Dans la tradition, une femme assise garde :","les genoux côte à côte, sans s'avachir","les jambes croisées haut, buste en arrière","les chevilles croisées et les genoux écartés","les bras croisés et le dos calé au fond du siège","A","Le maintien droit, genoux joints, fait partie de la tenue corporelle classique."
"T4-029","4. Élégance, Posture & Dress Code","Distance sociale","Informel","Intermédiaire","La distance sociale française se situe :","exactement au même point que dans les cultures anglo-saxonnes, gestes d'accompagnement compris","hors de toute norme repérable, chacun réglant l'écart selon son propre tempérament","plus rapprochée que dans les cultures latines, gestes et contacts compris","entre les cultures nordiques (plus distantes) et méditerranéennes (plus rapprochées)","D","Elle est plus proche que dans les cultures nordiques/anglo-saxonnes, mais plus distante que dans les cultures latines."
"T4-030","4. Élégance, Posture & Dress Code","Dress code / smoking","Formel","Piège","Avec un smoking, quel accessoire constitue une faute de goût manifeste ?","une chemise blanche à col cassé","un nœud papillon en soie noire","des chaussures vernies noires","une grosse montre de sport numérique","D","Une montre de sport volumineuse (comme un nœud pré-noué à élastique) trahit la méconnaissance des codes du smoking."
"T4-031","4. Élégance, Posture & Dress Code","Matières & tenue","Informel","Intermédiaire","Pour une tenue formelle, on privilégie :","les teintes vives et les motifs larges, qui se remarquent","les matières naturelles (laine, soie, lin, coton d'Égypte)","les coupes très ajustées, près du corps et courtes de veste","les mélanges synthétiques brillants et faciles d'entretien","B","Les matières naturelles et les coupes classiques priment sur le synthétique brillant et le criard."
"T4-032","4. Élégance, Posture & Dress Code","Dress code / White Tie","Formel","Intermédiaire","Le White Tie est réservé :","aux dîners d'État, grands galas et soirées à l'opéra","aux déjeuners d'affaires et aux réceptions de midi","aux week-ends à la campagne et aux chasses officielles","aux mariages célébrés en fin de matinée à l'église","A","C'est la tenue la plus formelle, réservée aux grandes occasions de soirée."
"T4-033","4. Élégance, Posture & Dress Code","Dress code / White Tie","Formel","Intermédiaire","En White Tie, le nœud papillon est :","noir en satin","blanc en satin","gris en piqué","blanc en piqué","D","Le White Tie impose un nœud papillon blanc en piqué (le noir étant réservé au smoking)."
"T4-034","4. Élégance, Posture & Dress Code","Dress code / White Tie","Formel","Intermédiaire","Pour une femme, la tenue correspondant au White Tie est :","une robe de cocktail, avec gants","un tailleur-pantalon du soir","une robe longue, avec gants","un ensemble du soir, sans gants","C","Au White Tie masculin répond, pour les femmes, la robe longue accompagnée de gants."
"T4-035","4. Élégance, Posture & Dress Code","Dress code / Black Tie","Formel","Piège","Avec un smoking, la taille se marque par :","une ceinture de smoking (cummerbund) ou un gilet, jamais une ceinture à passants","une ceinture de costume en cuir noir, assortie aux chaussures de ville","rien du tout : le pantalon de smoking se porte à taille nue","une ceinture à passants de cuir noir, à la boucle discrète et argentée","A","Le smoking se porte avec cummerbund ou gilet ; la ceinture à passants est exclue."
"T4-036","4. Élégance, Posture & Dress Code","Dress code / Business Formal","Formel","Intermédiaire","Le « Business Formal » se compose typiquement :","d'un jean brut, d'une veste de sport et de chaussures à lacets brunes","d'un costume sombre, chemise blanche ou bleu ciel, cravate sobre et chaussures de ville noires","d'un blazer marine sans cravate, d'un chino beige et d'une paire de mocassins","d'un smoking noir, d'un nœud papillon de soie et d'une ceinture de smoking","B","C'est la tenue d'affaires classique, un cran sous le smoking."
"T4-037","4. Élégance, Posture & Dress Code","Héritage / civilité","Informel","Intermédiaire","Quel ouvrage de savoir-vivre contemporain est dû à Nadine de Rothschild ?","« De civilitate morum puerilium libellus »","« Les Règles de la bienséance et de la civilité chrétienne »","« Le Bonheur de séduire, l'art de réussir »","« Les Caractères ou les Mœurs de ce siècle »","C","Nadine de Rothschild y prolonge la tradition des manuels de savoir-vivre au XXIe siècle."
"T4-038","4. Élégance, Posture & Dress Code","Héritage / civilité","Informel","Intermédiaire","Après Érasme, la tradition française des traités de civilité se prolonge notamment avec :","François de La Rochefoucauld","Jean-Baptiste de La Salle","Madame de Sévigné","Jean de La Fontaine","B","Mathurin Cordier puis Jean-Baptiste de La Salle prolongent en France la tradition inaugurée par Érasme."
"T4-039","4. Élégance, Posture & Dress Code","Héritage / civilité","Informel","Intermédiaire","Pour Érasme, le savoir-vivre est le reflet :","du savoir-faire","du savoir-dire","du savoir-être","du rang social","C","Son traité de 1530 fonde l'idée que les manières expriment l'être profond (le savoir-être)."
"T4-040","4. Élégance, Posture & Dress Code","Langage corporel","Informel","Intermédiaire","En public, se recoiffer ou se regarder ostensiblement dans un miroir est :","recommandé","d'usage","indifférent","à éviter","D","On ne se recoiffe pas et on ne se contemple pas dans un miroir en public : règle de retenue gestuelle."
"T4-041","4. Élégance, Posture & Dress Code","Langage corporel","Informel","Fondamental","Dans un cadre formel, mâcher du chewing-gum est :","toléré","bien vu","proscrit","courant","C","Le chewing-gum est exclu de tout cadre formel."
"T4-042","4. Élégance, Posture & Dress Code","Accessoires féminins","Informel","Intermédiaire","Pour un dîner, une femme privilégie comme sac :","un grand sac de jour en cuir souple","une pochette (petit sac de soirée)","un sac porté en bandoulière","un cabas de ville à deux anses","B","La pochette de soirée s'impose au dîner, plutôt qu'un grand sac de jour."
"T4-043","4. Élégance, Posture & Dress Code","Contact visuel","Informel","Intermédiaire","En France, fuir le regard de son interlocuteur est perçu comme :","une marque de modestie, bien vue dans le rapport à l'aîné","une timidité de bon aloi, qui atténue l'aplomb","suspect (le regard direct étant signe de sincérité)","un signe de déférence envers un supérieur","C","Le regard direct signale l'honnêteté ; le fuir éveille la méfiance."
"T4-044","4. Élégance, Posture & Dress Code","Codes des cercles","Formel","Intermédiaire","Aux courses hippiques de Longchamp ou Chantilly, la tenue impose notamment, pour les femmes :","le port des gants","le port du chapeau","le tailleur-pantalon","la robe longue","B","Hippodromes prestigieux : tenue élégante, chapeaux pour les femmes et costume pour les hommes."
"T4-045","4. Élégance, Posture & Dress Code","Codes des cercles","Formel","Piège","La « tenue de vénerie » et le « bouton » renvoient au code vestimentaire :","de la chasse à courre","du polo de compétition","des soirées à l'opéra","du yachting de régate","A","La chasse à courre impose une tenue traditionnelle de vénerie, codifiée par équipage (le « bouton »)."
